ID,Gender,MP1,MP2,MP3,MP4,Regents Score,Course,Race
216878447,M,68.76,65.5,63.78,63.78,28,chemistry,Hispanic or Latinx
220115299,F,78.2,78.45,82.71,82.71,30,physics,White
208999573,M,69.36,51.16,53.52,53.58,31,earth,Asian or Pacific Islander
217115575,M,61.25,62.18,58.02,58.11,31,earth,Hispanic or Latinx
214485898,F,57.47,55.53,59.07,59.07,32,chemistry,Hispanic or Latinx
214676892,M,61.42,58.93,61.73,61.73,32,chemistry,Hispanic or Latinx
208691774,M,60.67,62.29,58.91,58.91,34,alg2,Black
216128728,F,77.27,61.82,61.36,61.36,34,earth,Hispanic or Latinx
215578295,M,57.8,60.81,62.27,62.27,36,chemistry,Hispanic or Latinx
216236802,M,64.75,64.5,67.7,67.7,36,geometry,Black
216517144,M,74.26,74.8,76.06,76.06,37,chemistry,Hispanic or Latinx
215216052,F,45,45.24,47.52,47.52,37,alg2,Hispanic or Latinx
209898436,M,60.7,67.68,65.92,65.92,39,chemistry,Hispanic or Latinx
216091959,M,77.83,73.36,64.77,64.77,39,alg1,Hispanic or Latinx
216443549,F,63.35,66.63,69.58,69.58,39,geometry,Black
215386889,M,59.33,52.96,54.88,54.88,39,alg2,Hispanic or Latinx
217115575,M,64.02,68.07,69.45,69.45,40,ela,Hispanic or Latinx
215298001,M,66.5,60,56.58,56.58,41,ush,Hispanic or Latinx
217443183,F,79.21,69.18,68.52,68.52,41,chemistry,Hispanic or Latinx
215615204,M,71.7,67.93,71.22,71.22,41,geometry,Hispanic or Latinx
214441768,M,59,60.33,56.58,56.58,41,geometry,
214434540,M,67.71,54.45,63.95,63.95,41,living,White
217021724,M,52.07,51.49,53.8,53.8,42,ela,Hispanic or Latinx
215512013,M,,,68.63,68.63,42,alg1,
220529432,M,71.5,58.07,59.47,59.47,42,alg2,Asian
216128728,F,45,45,53.4,53.4,42,alg2,Hispanic or Latinx
215313099,M,65.02,62.63,65.19,65.19,43,chemistry,Hispanic or Latinx
214676892,M,63,63,59.57,59.57,43,geometry,Hispanic or Latinx
214441768,M,47.29,44.95,45.59,45.59,44,global,
217453505,M,83.36,81.22,68.27,68.27,44,alg1,Hispanic or Latinx
214534000,M,64.33,61.96,53.87,53.87,44,alg2,Hispanic or Latinx
214526154,M,59.67,51.56,51.62,51.62,44,alg2,
205740780,F,67.71,56.97,56.62,56.67,44,earth,Hispanic or Latinx
215316498,M,63.69,63.93,62.33,62.33,45,chemistry,Hispanic or Latinx
214526154,M,63.36,63.66,63.6,63.6,45,chemistry,
214583395,F,65.9,64.09,65.06,65.06,45,chemistry,Hispanic or Latinx
214534109,M,75.94,68.79,69.48,69.48,45,chemistry,Hispanic or Latinx
217000009,M,100,73.15,64.63,64.63,45,geometry,Hispanic or Latinx
217115575,M,60.75,63.83,61.17,61.17,45,geometry,Hispanic or Latinx
227631124,F,54.91,55.16,55.92,55.92,45,living,
215767948,M,64.42,64.18,66.92,66.92,45,living,
215057035,M,52.5,55.18,50.95,50.95,46,ush,White
220826358,M,65.87,61.31,59.26,59.26,46,global,Hispanic or Latinx
214621054,M,85.17,74.54,66.72,66.72,46,alg2,Hispanic or Latinx
215430869,M,52.11,59.1,61.76,61.76,47,chemistry,Hispanic or Latinx
214534000,M,64.76,61.9,63.36,63.36,47,chemistry,Hispanic or Latinx
214621054,M,61.92,64.73,67.21,67.21,47,chemistry,Hispanic or Latinx
215176983,F,97.4,97.8,96.43,96.43,47,physics,White
216927640,M,53.57,61.6,57.72,57.72,47,geometry,Asian
214526840,F,66.75,65.13,66.94,66.94,48,chemistry,White
207293945,F,85.14,76.51,77.47,77.47,48,chemistry,Hispanic or Latinx
227631124,F,56.66,59.22,63.3,63.3,48,alg1,
215324336,F,76.45,74.83,70.02,70.02,49,ush,Asian
217115575,M,66.87,65.91,62.6,62.6,49,global,Hispanic or Latinx
216128801,M,82.4,85.03,73.47,73.47,49,physics,Hispanic or Latinx
220216873,M,83.65,77.83,78.68,78.68,49,geometry,Asian
215364704,M,63,64.5,66.9,66.9,49,geometry,Hispanic or Latinx
240873893,M,65.4,63.7,61.83,61.83,49,geometry,Asian
215943648,M,77.6,72.8,69.3,69.3,49,geometry,
226312866,M,55,75.62,60.86,60.86,49,alg2,Hispanic or Latinx
209898436,M,66.92,54.28,58.95,58.95,49,alg2,Hispanic or Latinx
215266784,M,66.17,66.13,54.01,54.01,49,alg2,Native Hawaiian or Pacific Islander
215578295,M,57.83,58.1,52.34,52.34,49,alg2,Hispanic or Latinx
215015082,M,76.08,62.93,67.52,67.52,49,alg2,Hispanic or Latinx
208817098,M,71,56.86,55.28,55.28,49,alg2,Hispanic or Latinx
215941683,F,69.17,67.7,72.01,72.01,49,living,Hispanic or Latinx
220826358,M,64.54,62.22,66.02,66.02,49,living,Hispanic or Latinx
215996018,F,69.5,70.17,58.18,58.18,50,ush,Hispanic or Latinx
208691774,M,59.43,62.4,63.81,63.81,50,chemistry,Black
248235731,M,45,48.06,68.41,68.41,50,alg1,Asian
226312866,M,60.74,62.25,65.15,65.15,51,chemistry,Hispanic or Latinx
214526691,M,69.28,68.18,66.58,66.58,51,chemistry,Hispanic or Latinx
205969975,M,69.67,66.27,67.28,67.28,51,chemistry,Hispanic or Latinx
209506633,F,88.25,82.49,83.32,83.32,51,chemistry,Hispanic or Latinx
214534026,M,61.86,63.25,66.13,66.13,51,chemistry,
215009242,F,91.9,91.38,90.16,90.16,51,physics,Asian or Pacific Islander
219979333,M,66.85,63.13,62.07,62.07,51,geometry,Hispanic or Latinx
214664377,M,89.67,72.17,75.56,75.56,51,alg2,Hispanic or Latinx
215176983,F,97.33,74.7,71.88,71.88,51,alg2,White
214381196,M,62.84,68.26,70.79,70.79,52,chemistry,Hispanic or Latinx
221463706,F,90.43,84.43,83.04,83.04,52,chemistry,White
214441768,M,66.14,58.53,53.15,53.15,52,ela,
214434540,M,74.7,63.98,70.68,70.68,52,alg1,White
217271188,M,57.99,63.77,56.42,56.42,52,alg1,Black
209506633,F,83.25,69.88,68.05,68.05,52,alg2,Hispanic or Latinx
215313099,M,72.92,59.73,57.51,57.51,52,alg2,Hispanic or Latinx
219626835,F,90.25,96.14,76.1,76.1,52,alg2,Hispanic or Latinx
220529432,M,69.54,64.58,64.67,64.67,52,earth,Asian
208999573,M,73.58,72.92,65.3,65.3,53,ush,Asian or Pacific Islander
215015082,M,67.17,73.76,72.6,72.6,53,chemistry,Hispanic or Latinx
217021724,M,54.35,54.17,52.53,52.53,53,global,Hispanic or Latinx
227171097,M,,72.98,72.87,72.87,54,chemistry,Hispanic or Latinx
214629081,F,90.95,94.18,94.92,94.92,54,physics,White
206548968,M,72.3,65.9,64.88,64.88,54,geometry,Black
209007434,M,60,58.12,57.67,57.67,54,geometry,Hispanic or Latinx
214643397,M,65.67,61.45,61.23,61.23,54,alg2,Black
214655417,F,76.17,62.8,67.81,67.81,54,alg2,Hispanic or Latinx
216128728,F,77.02,78.15,64.46,64.46,55,ush,Hispanic or Latinx
207603051,M,80.11,75.68,79.87,79.87,55,chemistry,
207350869,M,80.55,82.98,81.61,81.61,55,physics,Hispanic or Latinx
220105902,M,77.96,75.27,64.66,64.66,55,alg1,Hispanic or Latinx
214708513,F,91.93,80.56,71.82,71.82,55,alg1,Hispanic or Latinx
209094366,M,74.41,70.05,65.93,65.93,55,alg1,
214104770,M,74.55,66.5,64.53,64.53,55,geometry,Hispanic or Latinx
214452336,M,76.5,76.27,80.3,80.3,55,geometry,Hispanic or Latinx
215430869,M,64.42,62.55,55.3,55.3,55,alg2,Hispanic or Latinx
216128801,M,71.33,61.93,58.77,58.77,55,alg2,Hispanic or Latinx
215057035,M,52.5,49.5,48.9,48.9,55,alg2,White
214526840,F,78.17,62.87,64.56,64.56,55,alg2,White
218792398,F,81.53,67.69,72.28,72.28,55,earth,Hispanic or Latinx
219979333,M,74.37,65.5,66.13,66.13,55,earth,Hispanic or Latinx
246600597,M,69.13,60.98,64.11,64.11,55,living,Asian
216091959,M,69.26,67.45,74.04,74.04,55,living,Hispanic or Latinx
213554868,M,65.9,66.62,66.73,66.73,56,chemistry,Hispanic or Latinx
209076900,M,83.88,81.8,84.72,84.72,56,chemistry,Hispanic or Latinx
231712647,M,64.59,70.9,72.32,72.32,56,chemistry,Black
207580895,M,64.7,66.67,68.02,68.02,56,chemistry,
209094366,M,55.44,54.4,50.88,50.88,56,global,
215338658,M,83.65,85,80.02,80.02,56,physics,Hispanic or Latinx
215324336,F,87.74,69.98,68.34,68.42,56,earth,Asian
215983347,M,54.89,58.77,67.08,67.08,56,living,Hispanic or Latinx
218262566,F,73.18,75.65,73.72,73.72,57,chemistry,Black
207593674,M,70.61,63.27,65.59,65.59,57,chemistry,White
244846531,M,89.32,86.16,87.88,87.88,57,chemistry,
206547598,M,65.22,63.59,58.34,58.34,57,ela,Hispanic or Latinx
247918956,M,54.12,55.99,51.44,51.44,57,global,
209170976,M,82.29,69.44,76.97,76.97,57,alg1,Hispanic or Latinx
209088772,F,64.75,68.6,71.9,71.9,57,geometry,Hispanic or Latinx
219726478,F,64.4,69.6,71.75,71.75,57,geometry,Hispanic or Latinx
214451551,M,77.5,73.87,65.65,65.65,57,alg2,Black
215037318,F,60,58,63.37,63.37,57,alg2,White
218630291,M,96.5,90.08,87.54,87.54,57,alg2,White
220822290,F,86.51,81.77,77.45,77.45,57,earth,Hispanic or Latinx
219702420,F,66.77,66.63,70.93,70.93,57,living,Hispanic or Latinx
218264885,F,71.27,71.05,71.48,71.48,57,living,Hispanic or Latinx
209898436,M,69.66,69.5,64.58,64.58,58,ush,Hispanic or Latinx
215706300,M,54.9,56.13,57.35,57.35,58,global,Hispanic or Latinx
216165514,M,87.9,90.53,81.57,81.57,58,physics,Black
220826358,M,75.65,59.83,69.09,69.09,58,alg1,Hispanic or Latinx
219851656,M,78.8,75.31,64.57,64.57,58,alg1,Hispanic or Latinx
215706300,M,63.6,55.3,63.65,63.65,58,geometry,Hispanic or Latinx
215883950,F,96.18,90.04,87.73,87.74,58,earth,Hispanic or Latinx
208536409,M,55.23,64.74,64.74,64.74,59,ush,Black
215430869,M,70.25,65.46,64.93,64.93,59,ush,Hispanic or Latinx
209001254,M,76.67,75.12,70.2,70.2,59,ush,Hispanic or Latinx
215848680,M,62.81,71.32,72.88,72.88,59,chemistry,Asian
219626835,F,87.47,89.71,89.27,89.27,59,chemistry,Hispanic or Latinx
214643397,M,70.17,67.16,68.34,68.34,59,ela,Black
209094366,M,57.46,56.86,56.07,56.07,59,ela,
215615204,M,79.87,81.85,79.24,79.24,59,ela,Hispanic or Latinx
215364704,M,63.31,67.94,68.14,68.14,59,ela,Hispanic or Latinx
217443183,F,70.27,74.4,73.53,73.53,59,ela,Hispanic or Latinx
207603051,M,91.83,78.49,80.14,80.14,59,alg2,
216211797,M,82.58,42.62,54.13,54.13,59,alg2,Hispanic or Latinx
215266784,M,77.2,70.75,64.54,64.54,60,ush,Native Hawaiian or Pacific Islander
213554868,M,74.83,76.48,69.52,69.52,60,ush,Hispanic or Latinx
217443183,F,65.57,66.58,69.3,69.3,60,global,Hispanic or Latinx
208813469,M,80.05,83.45,86.3,86.3,60,physics,Hispanic or Latinx
217108224,M,67.9,74,71.81,71.81,60,geometry,Asian
216211797,M,66.26,63.05,57.42,57.42,60,earth,Hispanic or Latinx
208652768,F,84.78,81.8,82.76,82.76,61,chemistry,White
208517334,M,78.73,77.38,77.61,77.61,61,chemistry,Hispanic or Latinx
214629040,M,89.29,86.16,84.51,84.51,61,chemistry,Hispanic or Latinx
208764845,M,78.15,80.2,79.6,79.6,61,chemistry,White
214676892,M,67.95,66.96,66.38,66.38,61,ela,Hispanic or Latinx
240873893,M,70.27,71.88,74.19,74.19,61,ela,Asian
214649048,F,84.85,90.63,95.51,95.51,61,physics,Hispanic or Latinx
216046219,M,82.26,77.45,83.22,83.22,61,alg1,American Indian or Alaskan Native
215767948,M,66.65,66.77,66.72,66.72,61,alg1,
208536409,M,58.55,68.34,63.43,63.43,61,alg1,Black
244846432,M,65.05,64.57,66.19,66.19,61,geometry,Black
215788936,M,57,53.4,54.72,54.72,61,geometry,Hispanic or Latinx
216993816,M,66.25,72.25,70.18,70.18,61,geometry,Hispanic or Latinx
215792474,M,77.95,68.6,70.58,70.58,61,geometry,Black
215867169,M,88.75,80.67,79.05,79.05,61,geometry,Asian or Pacific Islander
209097120,F,91.42,78.62,72.8,72.8,61,alg2,Hispanic or Latinx
231712647,M,77.5,70.06,69.73,69.73,61,alg2,Black
214583395,F,88,73.78,60.92,60.92,61,alg2,Hispanic or Latinx
214510158,M,66.33,70.73,63.01,63.01,61,alg2,Hispanic or Latinx
207593674,M,65,59.25,56.02,56.02,61,alg2,White
218696755,M,68.67,68.08,63.69,63.69,61,earth,Asian or Pacific Islander
216443549,F,74.52,66.62,68.18,68.22,61,earth,Black
216046219,M,82.04,75.95,77.31,77.31,61,living,American Indian or Alaskan Native
214708513,F,73.86,69.35,73.02,73.02,61,living,Hispanic or Latinx
220230825,M,59.26,59.55,65.17,65.17,61,living,
205740780,F,53.5,55.91,55.5,55.5,62,ush,Hispanic or Latinx
214664377,M,88,84.15,83.21,83.21,62,chemistry,Hispanic or Latinx
217767607,F,89.17,90.26,88.49,88.49,62,chemistry,Hispanic or Latinx
206547598,M,62.64,61.27,59.82,59.82,62,global,Hispanic or Latinx
240873893,M,67.83,67.68,63.13,63.13,62,global,Asian
215457441,M,67.6,62.07,61.65,61.65,62,geometry,Hispanic or Latinx
215390063,M,82.9,77.37,76.43,76.43,62,geometry,Hispanic or Latinx
218262566,F,86,82.24,65.55,65.55,62,alg2,Black
215848680,M,70.17,57.37,59.29,59.29,62,alg2,Asian
208886945,M,83.51,71.94,67.02,67.04,62,earth,Asian
219851656,M,60.6,58.76,54.84,54.84,62,living,Hispanic or Latinx
220272256,M,77.17,74.97,74.86,74.86,62,living,Hispanic or Latinx
215512013,M,59.5,52.6,56.46,56.46,62,living,
208886945,M,79.54,80.47,76.81,76.81,63,ush,Asian
206548968,M,67.21,74.72,74.78,74.78,63,chemistry,Black
214125726,F,97.23,97.46,98.05,98.05,63,chemistry,Hispanic or Latinx
216834234,F,80.42,77.96,77.45,77.45,63,global,Asian
219748233,M,79.62,78.7,75.61,75.61,63,alg1,Hispanic or Latinx
218696755,M,60.5,66,59.88,59.88,63,geometry,Asian or Pacific Islander
215902784,M,54.29,63.33,64.47,64.47,63,geometry,Hispanic or Latinx
214323982,F,64.2,68.9,70.65,70.65,63,geometry,Black
216502716,F,66,67.7,65.17,65.17,63,alg2,Hispanic or Latinx
207350869,M,65.83,55.46,55.22,55.22,63,alg2,Hispanic or Latinx
215009242,F,92.58,84.43,74.53,74.53,63,alg2,Asian or Pacific Islander
209076900,M,84.67,73.27,78.18,78.18,63,alg2,Hispanic or Latinx
220079206,M,96.08,67.68,67.52,67.52,63,alg2,Hispanic or Latinx
216834234,F,83.13,83.53,82.28,82.28,63,earth,Asian
209088772,F,84.21,80.51,76.57,76.57,63,earth,Hispanic or Latinx
217022615,F,62,58.98,64.51,64.51,63,living,Hispanic or Latinx
219748233,M,80.17,81.7,82.04,82.04,63,living,Hispanic or Latinx
220105902,M,58.83,59.19,67.3,67.3,63,living,Hispanic or Latinx
220348486,F,64.6,63.14,67.34,67.34,63,living,Hispanic or Latinx
215902784,M,51.98,61.86,64.46,64.46,64,global,Hispanic or Latinx
214676892,M,57.79,58.68,60.81,60.81,64,global,Hispanic or Latinx
208946087,M,94.2,95.55,89.95,89.95,64,physics,Hispanic or Latinx
219702420,F,82.08,70.42,79.45,79.45,64,alg1,Hispanic or Latinx
217946292,M,68.85,66.72,66.74,66.74,64,alg1,Hispanic or Latinx
217228469,M,92.1,81.2,75.63,75.63,64,geometry,Asian
202994331,M,74.1,72.18,69.91,69.91,65,ush,Asian
214658411,M,76.09,71.58,65.07,65.07,65,ush,Hispanic or Latinx
215386889,M,75.08,71,64.62,64.62,65,ush,Hispanic or Latinx
215996521,M,93.39,85.86,86.34,86.34,65,chemistry,Hispanic or Latinx
215902784,M,68.22,66.42,65.1,65.1,65,ela,Hispanic or Latinx
216927640,M,68.72,64.56,64.7,64.7,65,ela,Asian
215706300,M,68.02,64.21,62.54,62.54,65,ela,Hispanic or Latinx
216517144,M,82.25,84.55,79.66,79.66,65,ela,Hispanic or Latinx
214452336,M,88.06,86.52,87.39,87.39,65,ela,Hispanic or Latinx
216236802,M,71.52,73.74,71.65,71.65,65,global,Black
214467565,M,90.8,91.55,89.27,89.27,65,physics,Hispanic or Latinx
206589954,F,85.7,85.95,77.68,77.68,65,physics,Hispanic or Latinx
215316050,F,94.45,95.13,95.02,95.02,65,physics,White
220740989,F,77.69,62.72,69.52,69.52,65,alg1,Hispanic or Latinx
237512231,M,77.67,79.91,67.18,67.18,65,alg1,White
216027417,M,75.44,77.07,66.74,66.74,65,alg1,
213554868,M,72.33,62.02,58.5,58.5,65,alg2,Hispanic or Latinx
230133597,M,61.67,61.7,58.44,58.44,65,alg2,Hispanic or Latinx
208517334,M,55,59.62,65.03,65.03,65,alg2,Hispanic or Latinx
214370132,M,87.33,70.6,64.31,64.31,65,alg2,White
214629040,M,96.83,82.51,76.28,76.28,65,alg2,Hispanic or Latinx
215010000,F,80.67,66.34,70.42,70.42,65,alg2,Hispanic or Latinx
220216873,M,79.07,78.58,78.9,78.9,65,earth,Asian
219543287,F,80.86,78.69,82.59,82.59,65,living,Hispanic or Latinx
208817098,M,69.98,70.48,72.84,72.84,66,ush,Hispanic or Latinx
231712647,M,82.46,78.21,71.47,71.47,66,ush,Black
216303909,M,62.36,71.41,69.9,69.9,66,chemistry,Asian
208680835,M,93.17,92.73,92.41,92.41,66,chemistry,Hispanic or Latinx
218605244,F,82.84,78.99,78.48,78.48,66,ela,Hispanic or Latinx
216236802,M,67.99,70.47,72.4,72.4,66,ela,Black
216927640,M,46.71,53.01,60.53,60.53,66,global,Asian
219801214,F,75,79.02,70.95,70.95,66,alg1,
217443183,F,67.15,68.05,71.39,71.39,66,geometry,Hispanic or Latinx
214502296,F,96,83.15,83.03,83.03,66,alg2,Hispanic or Latinx
215750696,F,71.83,56,58.99,58.99,66,alg2,Hispanic or Latinx
217228469,M,74.14,68.11,61.68,61.79,66,earth,Asian
209170976,M,87,77.72,79.72,79.72,66,living,Hispanic or Latinx
218658458,M,80.79,79.9,77.29,77.29,67,chemistry,Asian or Pacific Islander
215259300,M,95.97,95.35,93.75,93.75,67,chemistry,Hispanic or Latinx
215941683,F,74.54,75.07,63.96,63.96,67,alg1,Hispanic or Latinx
219543287,F,91.14,86.61,77.65,77.65,67,alg1,Hispanic or Latinx
223228743,F,73.45,62.31,69.84,69.84,67,alg1,
210575643,M,62,58.76,63.37,63.37,67,geometry,Hispanic or Latinx
225896174,M,85.55,84.27,84.95,84.95,67,geometry,Hispanic or Latinx
217323898,M,81.4,76.03,73.97,73.97,67,geometry,Hispanic or Latinx
215883950,F,97.8,91.87,87.65,87.65,67,geometry,Hispanic or Latinx
211421789,M,96.15,88.67,84.73,84.73,67,geometry,Hispanic or Latinx
213491731,F,61.67,55.42,63.65,63.65,67,alg2,Hispanic or Latinx
214526691,M,77.58,72.27,65.47,65.47,67,alg2,Hispanic or Latinx
217021260,M,68.67,69.29,68.87,68.87,67,alg2,Hispanic or Latinx
218733970,M,69.56,55.91,64.86,64.86,67,earth,Hispanic or Latinx
220512883,M,75.24,53.89,55.02,55.02,67,earth,Hispanic or Latinx
219928728,M,69.49,63.27,69.79,69.79,67,living,Hispanic or Latinx
219726635,M,79.53,74.56,72.24,72.24,67,living,
214526154,M,76.54,69.55,64.63,64.63,68,ush,
205969975,M,74.71,74.73,74.15,74.15,68,ush,Hispanic or Latinx
216128801,M,75.92,75.7,70.6,70.6,68,ush,Hispanic or Latinx
214502296,F,86.09,83.62,84.6,84.6,68,chemistry,Hispanic or Latinx
215390063,M,72.86,76.2,77.55,77.55,68,ela,Hispanic or Latinx
215867169,M,79.41,79.16,78.07,78.07,68,ela,Asian or Pacific Islander
214196024,F,78.75,82.35,75.55,75.55,68,physics,Hispanic or Latinx
217022615,F,77.83,68.82,70.84,70.84,68,alg1,Hispanic or Latinx
208652768,F,97.83,82.4,76.65,76.65,68,alg2,White
215338658,M,76.17,63.5,64.32,64.32,68,alg2,Hispanic or Latinx
220458244,F,75.47,76.34,79.56,79.56,68,living,
215439407,F,80.83,72.87,72.59,72.59,68,living,Hispanic or Latinx
220740989,F,71.27,63.98,69.96,69.96,68,living,Hispanic or Latinx
218509974,M,89.56,89.75,91.93,91.93,68,living,Asian
215313099,M,55.42,59.51,65.37,65.37,69,ush,Hispanic or Latinx
214485898,F,79.52,70.43,66.54,66.54,69,ush,Hispanic or Latinx
220115299,F,79.65,80.73,74.65,74.65,69,ush,White
215779943,F,92.82,94.64,90.32,90.32,69,chemistry,Black
215364704,M,66.76,69.6,72.01,72.01,69,global,Hispanic or Latinx
220348486,F,85.14,74.17,78.25,78.25,69,alg1,Hispanic or Latinx
222216806,M,78.75,66.08,69.08,69.08,69,alg1,Hispanic or Latinx
220083885,M,77.87,61.45,73.63,73.63,69,alg1,Hispanic or Latinx
216280271,M,84.41,78.89,68.1,68.1,69,alg1,Hispanic or Latinx
218733954,M,54.9,56.28,59.91,59.91,69,geometry,Hispanic or Latinx
238115612,F,61.25,69.93,71.37,71.37,69,geometry,
244846531,M,80.4,79.97,81.17,81.17,69,geometry,
215994971,M,92.6,89.97,83.48,83.48,69,geometry,Asian or Pacific Islander
217447986,M,78.42,68.63,75.07,75.07,69,earth,Hispanic or Latinx
216927640,M,55.85,54.61,59.62,59.64,69,earth,Asian
218861235,F,96.57,94.39,94.41,94.41,70,chemistry,Hispanic or Latinx
231452814,M,45,45.09,45.06,45.06,70,ela,Asian
216993816,M,73.02,74.62,70.04,70.04,70,ela,Hispanic or Latinx
216443549,F,79.36,77.14,74.72,74.72,70,ela,Black
209088772,F,81.51,83.04,78.21,78.21,70,ela,Hispanic or Latinx
215788936,M,68.12,65.43,68.76,68.76,70,global,Hispanic or Latinx
215994971,M,80.63,80.28,81.76,81.76,70,global,Asian or Pacific Islander
214817389,F,89.9,94.4,96.46,96.46,70,physics,Hispanic or Latinx
239594286,M,90,92.63,94.24,94.24,70,physics,Asian
227171097,M,,48.75,51.67,51.67,70,geometry,Hispanic or Latinx
221463706,F,98.65,97.27,88.7,88.7,70,geometry,White
216736470,M,84.5,79.07,76.28,76.28,70,geometry,White
231452814,M,81,69.17,64.93,64.93,70,geometry,Asian
217108653,F,99.6,98.57,97.05,97.05,70,geometry,Asian
206341604,M,88.85,79.63,82.48,82.48,70,geometry,Black
214381196,M,76.83,62.88,67.5,67.5,70,alg2,Hispanic or Latinx
208764845,M,81.17,65.21,67,67,70,alg2,White
216736363,F,67.5,58.96,66.48,66.48,70,alg2,Hispanic or Latinx
214196024,F,93.33,80.81,63.33,63.33,70,alg2,Hispanic or Latinx
214658411,M,64.3,54.69,54.87,54.87,70,earth,Hispanic or Latinx
214104770,M,79.55,73.19,66.85,66.97,70,earth,Hispanic or Latinx
215390063,M,82.29,75.06,69.44,69.4,70,earth,Hispanic or Latinx
237512231,M,71.63,68.44,71.87,71.87,70,living,White
215972167,M,83.2,86.73,88.83,88.83,71,physics,Hispanic or Latinx
220309694,M,86.33,82.27,69.04,69.04,71,alg1,Hispanic or Latinx
216878447,M,59.79,69.33,60.68,60.68,71,geometry,Hispanic or Latinx
218676237,M,62.4,70.07,67.25,67.25,71,geometry,
217192665,M,85.55,77.55,77.23,77.23,71,geometry,
244736369,M,75.5,75.23,76.8,76.8,71,geometry,Asian
216517144,M,88.7,79.4,73.23,73.23,71,geometry,Hispanic or Latinx
218605244,F,97,83.42,82.5,82.5,71,geometry,Hispanic or Latinx
218733970,M,68.5,63.23,65.5,65.5,71,geometry,Hispanic or Latinx
220736383,M,85.4,84.4,87.18,87.18,71,geometry,White
220430649,M,85.25,83.13,79.54,79.54,71,geometry,Hispanic or Latinx
214629081,F,94.17,90.66,92.65,92.65,71,alg2,White
215259300,M,99,85.62,71.65,71.65,71,alg2,Hispanic or Latinx
218658458,M,74.83,60.67,66.63,66.63,71,alg2,Asian or Pacific Islander
215297938,M,61.33,69.13,65.81,65.81,71,alg2,White
202994331,M,75.25,59.03,63.43,63.43,71,alg2,Asian
230133597,M,55.88,58.2,63.11,63.11,71,earth,Hispanic or Latinx
243991627,M,58.8,60.71,64.75,64.75,71,living,Asian
215010000,F,84.73,85.47,80.21,80.21,72,ush,Hispanic or Latinx
214583395,F,82.78,81.85,72.49,72.49,72,ush,Hispanic or Latinx
214435091,M,69.83,70.28,69.36,69.36,72,ush,Hispanic or Latinx
217108653,F,96.64,92.71,94.69,94.69,72,chemistry,Asian
218560118,F,99.22,99.61,99.48,99.48,72,chemistry,Asian
214207425,M,77.62,84.5,84.85,84.85,72,chemistry,White
216736470,M,67.62,71.54,71.41,71.41,72,ela,White
217021260,M,70.55,70.6,71.88,71.88,72,ela,Hispanic or Latinx
217192665,M,74.16,76.96,76.7,76.7,72,ela,
215883950,F,89.09,90.19,89.12,89.12,72,ela,Hispanic or Latinx
217021260,M,74.13,71.26,75.57,75.57,72,global,Hispanic or Latinx
216443549,F,78.97,80.96,82.23,82.23,72,global,Black
215297938,M,81.4,83.28,84.21,84.21,72,physics,White
209329465,M,96.6,97.2,90.57,90.57,72,physics,Asian or Pacific Islander
211584792,M,88.65,76.33,84.31,84.31,72,alg1,Hispanic or Latinx
220271563,M,88.68,70.66,79.27,79.27,72,alg1,Hispanic or Latinx
220458244,F,84.14,84.64,78.82,78.82,72,alg1,
220272256,M,91.35,83.19,77.01,77.01,72,alg1,Hispanic or Latinx
220230825,M,78.41,76.55,64.88,64.88,72,alg1,
220369540,M,87.19,89.87,78.14,78.14,72,alg1,Hispanic or Latinx
219743341,F,97.15,89.37,88.08,88.08,72,geometry,
208619569,M,88.25,78.57,80,80,72,geometry,Hispanic or Latinx
216091991,F,99.07,86.93,88.77,88.77,72,geometry,Hispanic or Latinx
219977907,M,76.56,75.95,70.02,70.02,72,geometry,
215316050,F,96.83,82.43,76.9,76.9,72,alg2,White
214207425,M,77.17,77.71,72.66,72.66,72,alg2,White
214452336,M,89.52,83.47,80.96,80.98,72,earth,Hispanic or Latinx
214232886,M,74.38,69.29,67.92,67.96,72,earth,Asian
215795931,M,80.41,81.61,80.81,80.81,72,living,Hispanic or Latinx
220083885,M,72.93,72.58,73.29,73.29,72,living,Hispanic or Latinx
219697349,M,58.83,57.15,67.09,67.09,72,living,Hispanic or Latinx
220154744,M,66,69.15,72.76,72.76,72,living,Hispanic or Latinx
220369540,M,71.46,77.74,80.93,80.93,72,living,Hispanic or Latinx
217453505,M,83.1,75.38,74.66,74.66,72,living,Hispanic or Latinx
215750696,F,73.29,72.26,74.01,74.01,73,ush,Hispanic or Latinx
214534026,M,76.1,74.2,72.71,72.71,73,ush,
215361429,M,95.57,93.42,92.78,92.78,73,chemistry,Hispanic or Latinx
238115612,F,77.75,77.94,80.05,80.05,73,global,
216993816,M,71.75,73.31,72.95,72.95,73,global,Hispanic or Latinx
214643397,M,73.67,71.12,71.41,71.41,73,global,Black
240039024,M,84.75,81.02,83.56,83.56,73,global,Hispanic or Latinx
209088772,F,79.16,80.2,80.26,80.26,73,global,Hispanic or Latinx
227171097,M,45,61.52,62.76,62.76,73,global,Hispanic or Latinx
215390063,M,74.84,75.87,71.65,71.65,73,global,Hispanic or Latinx
208587808,F,98.8,99.4,99.23,99.23,73,physics,Hispanic or Latinx
239947898,M,58.99,67.89,72.22,72.22,73,alg1,White
215439407,F,90.36,84.04,74.05,74.05,73,alg1,Hispanic or Latinx
216834234,F,89.35,85.4,84.2,84.2,73,geometry,Asian
215886276,M,85.6,79.93,80.15,80.15,73,geometry,Hispanic or Latinx
218792398,F,98.95,94.2,86.53,86.53,73,geometry,Hispanic or Latinx
219926557,M,97,83.98,78.19,78.19,73,alg2,Black
208680835,M,93,75.44,79.93,79.93,73,alg2,Hispanic or Latinx
214328619,M,73.83,66,60.41,60.41,73,alg2,White
239947898,M,76.24,75.18,74.4,74.4,73,living,White
216280271,M,70.99,66.21,70.81,70.81,73,living,Hispanic or Latinx
215037318,F,76.67,72.92,73.64,73.64,74,ush,White
215983347,M,83.49,73.58,68.81,68.81,74,alg1,Hispanic or Latinx
219928728,M,79.66,67.09,70.85,70.85,74,alg1,Hispanic or Latinx
209076660,M,86.09,69.27,67.08,67.08,74,alg1,Hispanic or Latinx
220154744,M,76.42,79.13,72.25,72.25,74,alg1,Hispanic or Latinx
219542461,M,86.8,78.53,79.87,79.87,74,geometry,Black
220822290,F,81.95,81,81.6,81.6,74,geometry,Hispanic or Latinx
217266857,M,66.95,68.62,67,67,74,geometry,White
212163596,M,98.95,93.38,90.39,90.39,74,geometry,Hispanic or Latinx
216036764,M,90.25,86.47,80.28,80.28,74,geometry,Hispanic or Latinx
217447986,M,88.71,85.3,81.77,81.77,74,geometry,Hispanic or Latinx
215436064,F,85.25,78.17,82.3,82.3,74,geometry,Hispanic or Latinx
207243940,M,91.5,88.47,90.25,90.25,74,geometry,Hispanic or Latinx
215386632,F,57.5,53.42,51.8,51.8,74,alg2,Asian
208886945,M,87,73.1,80.28,80.28,74,alg2,Asian
218676237,M,76.83,79.72,72.38,72.38,74,earth,
219709870,M,87.83,84,86.22,86.22,74,living,Hispanic or Latinx
216907519,M,74.1,73.39,76.61,76.61,74,living,Hispanic or Latinx
215578295,M,55.63,59.88,57.11,57.11,75,ush,Hispanic or Latinx
216211797,M,64.83,70.37,67.37,67.37,75,ush,Hispanic or Latinx
214534000,M,79.85,76.28,70.99,70.99,75,ush,Hispanic or Latinx
215141466,M,83.25,86.74,86.53,86.53,75,chemistry,Asian
217064237,F,97.26,95.47,96.77,96.77,75,chemistry,Hispanic or Latinx
235461415,M,98.89,94.72,96.29,96.29,75,chemistry,Hispanic or Latinx
215788936,M,58.66,64.34,65.13,65.13,75,ela,Hispanic or Latinx
216834234,F,85.92,86.86,87.74,87.74,75,ela,Asian
210575643,M,65.88,66.09,65.94,65.94,75,global,Hispanic or Latinx
216517144,M,76.51,78.33,76.2,76.2,75,global,Hispanic or Latinx
205557192,M,53.23,51.63,48.55,48.55,75,global,
215457441,M,67.41,68.44,69.96,69.96,75,global,Hispanic or Latinx
219627031,F,87.82,80.33,82.14,82.14,75,alg1,Hispanic or Latinx
220512883,M,76.8,61.23,69.44,69.44,75,alg1,Hispanic or Latinx
218264885,F,86.47,80.82,74.78,74.78,75,alg1,Hispanic or Latinx
219697349,M,72.71,75.26,66.87,66.87,75,alg1,Hispanic or Latinx
215267543,M,86,63.96,69.41,69.41,75,alg2,Hispanic or Latinx
216825604,M,92.17,92.16,87.35,87.35,75,alg2,Hispanic or Latinx
238115612,F,75.83,76.62,69.3,69.3,75,earth,
244846424,F,90.63,90.06,84.38,84.38,75,earth,
244846432,M,78.51,66.76,64.5,64.5,75,earth,Black
215457441,M,61.04,64.03,63.21,63.31,75,earth,Hispanic or Latinx
216028555,M,73.37,70.44,74.84,74.84,75,living,Hispanic or Latinx
215886276,M,80.63,78.37,77.28,77.28,76,global,Hispanic or Latinx
207580895,M,64.24,64.25,71.49,71.49,76,global,
214396244,F,91.35,90.55,92.51,92.51,76,physics,Hispanic or Latinx
220195267,M,84.4,75.67,77.77,77.77,76,alg1,Hispanic or Latinx
219729720,M,80.5,84.61,76.43,76.43,76,alg1,Hispanic or Latinx
219699303,M,79.02,82.42,75.54,75.54,76,alg1,Hispanic or Latinx
221535925,M,88.35,85.29,79.62,79.62,76,alg1,Black
240039024,M,96.1,90.87,87.75,87.75,76,geometry,Hispanic or Latinx
216142943,M,91.85,93.47,91.92,91.92,76,geometry,Hispanic or Latinx
237433123,M,88.65,80.8,78.37,78.37,76,geometry,Hispanic or Latinx
218861235,F,99.33,93.28,94.32,94.32,76,alg2,Hispanic or Latinx
215015157,M,88.17,73.69,76.15,76.15,76,alg2,Hispanic or Latinx
207090457,M,74.33,78,63.31,63.31,76,alg2,Hispanic or Latinx
218733954,M,65.41,62.88,69.44,69.44,76,earth,Hispanic or Latinx
214655417,F,71.98,73.59,71.25,71.25,76,earth,Hispanic or Latinx
220785109,M,88.63,72.52,68.48,68.56,76,earth,Hispanic or Latinx
215943648,M,86.72,76.16,70.5,70.56,76,earth,
217271188,M,71.93,64.31,66.88,66.88,76,living,Black
219729720,M,71.9,74.12,75.28,75.28,76,living,Hispanic or Latinx
211584792,M,76.09,72.68,77.7,77.7,76,living,Hispanic or Latinx
219627031,F,87.27,82.82,81.31,81.31,76,living,Hispanic or Latinx
220271563,M,80.5,77.75,81.19,81.19,76,living,Hispanic or Latinx
214526840,F,79.72,80.02,79.53,79.53,77,ush,White
215338658,M,79.75,79.65,79.61,79.61,77,ush,Hispanic or Latinx
214526691,M,65.88,69.67,72.93,72.93,77,ush,Hispanic or Latinx
214629040,M,89.73,84.77,82.26,82.26,77,ush,Hispanic or Latinx
217002872,M,96.89,96.75,95.77,95.77,77,chemistry,Hispanic or Latinx
219979333,M,67.72,64.2,65,65,77,ela,Hispanic or Latinx
217228469,M,74.94,76.23,73.55,73.55,77,ela,Asian
233448398,M,55.22,53.9,55.76,55.76,77,ela,Black
214104770,M,74.88,74.9,72.74,72.74,77,global,Hispanic or Latinx
244846531,M,84.88,83.1,89.43,89.43,77,global,
218676237,M,78.5,78.18,82.13,82.13,77,global,
218792398,F,71.29,71.48,75.95,75.95,77,global,Hispanic or Latinx
218605244,F,75.78,77.59,77.7,77.7,77,global,Hispanic or Latinx
219979333,M,73.34,70.04,70.94,70.94,77,global,Hispanic or Latinx
217228469,M,77.94,73.78,70.11,70.11,77,global,Asian
215867169,M,76.08,77.06,73.17,73.17,77,global,Asian or Pacific Islander
214309502,M,92.95,95.58,96.27,96.27,77,physics,White
215361718,F,94.65,95.93,94.08,94.08,77,physics,Hispanic or Latinx
220363964,M,84.35,83.97,82.79,82.79,77,alg1,Hispanic or Latinx
217442177,M,82.58,86.11,82.59,82.59,77,alg1,Hispanic or Latinx
215567348,M,86.85,81.1,71.1,71.1,77,geometry,Hispanic or Latinx
217767607,F,92.8,89,87.03,87.03,77,geometry,Hispanic or Latinx
244846424,F,94.1,85.13,80.73,80.73,77,geometry,
228528147,M,90.75,80.23,79.42,79.42,77,geometry,Asian
215515669,M,88.7,85.97,84.82,84.82,77,geometry,Hispanic or Latinx
207467879,M,90,86.97,74.81,74.81,77,alg2,Asian
215361718,F,80.67,85.72,77.3,77.3,77,alg2,Hispanic or Latinx
216594150,F,100.08,100.44,101.17,101.17,77,alg2,White
215972167,M,88.75,92.38,70.66,70.66,77,alg2,Hispanic or Latinx
209076660,M,73.32,66.92,63.85,63.95,77,earth,Hispanic or Latinx
222216806,M,84.8,74.66,76.34,76.34,77,living,Hispanic or Latinx
216036764,M,75.94,77.11,79.39,79.39,77,living,Hispanic or Latinx
208652768,F,90.57,89.82,82.68,82.68,78,ush,White
207593674,M,79.72,76.3,73.63,73.63,78,ush,White
216502716,F,80.97,81.98,77.58,77.58,78,ush,Hispanic or Latinx
215316498,M,77.64,76.3,75.11,75.11,78,ush,Hispanic or Latinx
216825604,M,95.23,95.19,95.98,95.98,78,chemistry,Hispanic or Latinx
207090457,M,76.75,82.12,87.53,87.53,78,chemistry,Hispanic or Latinx
219542461,M,80.25,79.09,83.69,83.69,78,global,Black
233448398,M,60.5,54.89,60.17,60.17,78,global,Black
219726635,M,80.18,74.64,75.16,75.16,78,alg1,
220177869,M,71.12,70.43,77.91,77.91,78,alg1,Hispanic or Latinx
215795931,M,89.64,86.62,72.12,72.12,78,alg1,Hispanic or Latinx
220785109,M,85.18,82.68,69.84,69.84,78,alg1,Hispanic or Latinx
216028555,M,73.56,81.17,76.19,76.19,78,alg1,Hispanic or Latinx
209219161,M,93.95,86.43,84.7,84.7,78,geometry,Hispanic or Latinx
211196720,M,81.2,76.7,81.77,81.77,78,geometry,
207293945,F,74.35,71.23,68.65,68.65,78,geometry,Hispanic or Latinx
215996521,M,94.33,95.38,83.16,83.16,78,alg2,Hispanic or Latinx
240039024,M,77.06,78,79.34,79.34,78,earth,Hispanic or Latinx
215750696,F,66.72,64.84,62.13,62.13,78,earth,Hispanic or Latinx
220309694,M,68.02,71.77,64.98,64.98,78,earth,Hispanic or Latinx
207243940,M,86.31,77.67,69.33,69.42,78,earth,Hispanic or Latinx
217442177,M,81.19,79.79,79.91,79.91,78,living,Hispanic or Latinx
214510158,M,72.77,70.37,72.14,72.14,79,ush,Hispanic or Latinx
208517334,M,64.83,69.62,73.85,73.85,79,ush,Hispanic or Latinx
235293644,M,93.01,96.08,93.93,93.93,79,chemistry,Hispanic or Latinx
215141466,M,85.53,80.45,85.04,85.04,79,ela,Asian
219626835,F,91.58,91.06,90.53,90.53,79,ela,Hispanic or Latinx
215886276,M,86.2,81.37,78.19,78.19,79,ela,Hispanic or Latinx
240039024,M,77.95,76.5,73.97,73.97,79,ela,Hispanic or Latinx
218733970,M,68.24,65.37,68.18,68.18,79,ela,Hispanic or Latinx
210575643,M,77.39,71.88,72.52,72.52,79,ela,Hispanic or Latinx
215943648,M,86.81,83.13,81.72,81.72,79,ela,
215259300,M,84.63,83.21,84.21,84.21,79,global,Hispanic or Latinx
215943648,M,79.63,74.89,77.13,77.13,79,global,
207603051,M,82,78.39,77.96,77.96,79,global,
216878447,M,84.75,79.24,80.06,80.06,79,global,Hispanic or Latinx
207293945,F,84.13,83.84,81.48,81.48,79,global,Hispanic or Latinx
215883950,F,82.25,83.87,84.26,84.26,79,global,Hispanic or Latinx
215615204,M,85.88,86.08,81.78,81.78,79,global,Hispanic or Latinx
217447986,M,80.67,82.65,78.16,78.16,79,global,Hispanic or Latinx
216594150,F,91.6,95.5,97.29,97.29,79,physics,White
243991627,M,81.92,84.24,82.37,82.37,79,alg1,Asian
220342380,M,89.49,85.21,78.07,78.07,79,alg1,Hispanic or Latinx
217002872,M,92.45,92.63,93.93,93.93,79,geometry,Hispanic or Latinx
218594026,M,94.95,88.57,88.82,88.82,79,geometry,Asian or Pacific Islander
231136466,M,92.4,86.7,86.83,86.83,79,geometry,Hispanic or Latinx
214817389,F,100,93.21,94.35,94.35,79,alg2,Hispanic or Latinx
209329465,M,98.17,88.05,85.95,85.95,79,alg2,Asian or Pacific Islander
214396244,F,96.33,88.38,76.65,76.65,79,alg2,Hispanic or Latinx
214323982,F,87.27,73.42,69.45,69.54,79,earth,Black
220906275,F,84.07,80,78.07,78.07,79,living,Hispanic or Latinx
214643397,M,72.8,65.87,71.41,71.41,79,living,Black
220431209,M,79.33,76.94,74.49,74.49,79,living,Asian
219699303,M,81.6,76.89,78.69,78.69,79,living,Hispanic or Latinx
217021260,M,81.67,73.57,76.96,76.96,79,living,Hispanic or Latinx
208691774,M,54.04,60.1,65.97,65.97,80,ush,Black
230133597,M,72.37,73.24,73.03,73.03,80,ush,Hispanic or Latinx
214621054,M,80.54,77.21,77.04,77.04,80,ush,Hispanic or Latinx
214125726,F,96.28,95.66,95.79,95.79,80,ela,Hispanic or Latinx
217323898,M,67.3,68.26,65.45,65.45,80,ela,Hispanic or Latinx
207603051,M,84.68,84.09,78.04,78.04,80,ela,
218630291,M,87.56,86.56,88.23,88.23,80,ela,White
206548968,M,76.02,77.1,73.63,73.63,80,ela,Black
214104770,M,72.86,71.51,69.96,69.96,80,ela,Hispanic or Latinx
217266857,M,73.62,76.18,71.99,71.99,80,ela,White
216878447,M,73.84,73.19,68.97,68.97,80,ela,Hispanic or Latinx
218696755,M,71.09,73.95,71.74,71.74,80,ela,Asian or Pacific Islander
216736363,F,71.07,66.02,65.51,65.51,80,ela,Hispanic or Latinx
244846424,F,85.63,87.31,87.39,87.39,80,global,
209076660,M,64.97,65.57,70.91,70.91,80,global,Hispanic or Latinx
221128408,M,81.81,91.03,88.74,88.74,80,alg1,Asian
218509974,M,86.74,89.09,87.26,87.26,80,alg1,Asian
237401898,M,102.8,97.83,89,89,80,geometry,White
218653335,F,101.6,97.7,95.73,95.73,80,geometry,White
219996923,M,93.8,87.6,87.12,87.12,80,geometry,Hispanic or Latinx
243703584,M,83.75,82.8,84.97,84.97,80,geometry,Black
219703188,M,96.55,96.13,92.72,92.72,80,geometry,Asian
215779943,F,100,96.37,86.4,86.4,80,alg2,Black
214125726,F,99.5,96.29,98.38,98.38,80,alg2,Hispanic or Latinx
215361429,M,99.5,94.88,90,90,80,alg2,Hispanic or Latinx
218560118,F,100,100,102.04,102.04,80,alg2,Asian
218605244,F,62.34,69.34,67.78,67.78,80,earth,Hispanic or Latinx
214451551,M,80.58,77.51,72.18,72.28,80,earth,Black
220082291,M,94.48,84.69,82.63,82.63,80,earth,Hispanic or Latinx
216027417,M,76.4,73.97,79.29,79.29,80,living,
243370657,M,84.24,81.34,84.8,84.8,80,living,Asian
221535925,M,87.23,89.33,89.83,89.83,80,living,Black
244736369,M,84,83.59,85.63,85.63,81,global,Asian
217266857,M,75.75,77.14,79.14,79.14,81,global,White
218733954,M,84,85.29,87.21,87.21,81,global,Hispanic or Latinx
214452336,M,86.46,84.69,85.05,85.05,81,global,Hispanic or Latinx
207467879,M,85.2,90.6,89.44,89.44,81,physics,Asian
220906275,F,86.7,86.92,80.15,80.15,81,alg1,Hispanic or Latinx
214232886,M,72.2,71.2,78.08,78.08,81,alg1,Asian
217939511,M,89.17,92.85,90.92,90.92,81,alg1,Hispanic or Latinx
219504321,M,93.89,87.28,78.18,78.18,81,alg1,
215777442,F,100.4,99.47,98.38,98.38,81,geometry,
215767617,M,100.4,95.97,93.12,93.12,81,geometry,Asian
215884347,M,102.8,94.97,94.25,94.25,81,geometry,Asian or Pacific Islander
215192287,M,88.65,82.53,80.42,80.42,81,geometry,Hispanic or Latinx
235293644,M,87.83,89.91,81.3,81.3,81,alg2,Hispanic or Latinx
208946087,M,88.67,82.62,75.66,75.66,81,alg2,Hispanic or Latinx
225896174,M,90.22,86.08,82.01,82.05,81,earth,Hispanic or Latinx
216736470,M,83.91,75.58,68.8,68.9,81,earth,White
244736369,M,85.96,78.61,77.38,77.44,81,earth,Asian
218594026,M,95.33,90.09,86.48,86.48,81,earth,Asian or Pacific Islander
215867169,M,82.74,75.04,70.02,70,81,earth,Asian or Pacific Islander
219709904,M,89.83,80.63,85.6,85.6,81,living,Hispanic or Latinx
220195267,M,79.23,75.63,77.61,77.61,81,living,Hispanic or Latinx
215792474,M,82.43,79.49,80.34,80.34,81,living,Black
215015082,M,82.67,85.47,79.5,79.5,82,ush,Hispanic or Latinx
215176983,F,91.38,90.55,83.86,83.86,82,ush,White
218792398,F,87.99,85.94,87.51,87.51,82,ela,Hispanic or Latinx
215436064,F,66.16,68.08,74.85,74.85,82,ela,Hispanic or Latinx
216091991,F,91.07,85.91,89.02,89.02,82,ela,Hispanic or Latinx
244846432,M,81.49,80.41,75.93,75.93,82,ela,Black
206341604,M,88.59,88.99,83.47,83.47,82,ela,Black
217192665,M,84.38,81.01,83.34,83.34,82,global,
237401898,M,83.75,83.98,83.15,83.15,82,global,White
231452814,M,67.25,57.31,65.86,65.86,82,global,Asian
206548968,M,79.63,75.43,80.99,80.99,82,global,Black
216736363,F,79.5,66.02,70.69,70.69,82,global,Hispanic or Latinx
214207425,M,67.88,71.08,73.47,73.47,82,global,White
215141466,M,78.06,80.1,83.92,83.92,82,global,Asian
207243940,M,82.09,83.97,82.41,82.41,82,global,Hispanic or Latinx
216736470,M,,81.83,70.02,70.02,82,global,White
208680835,M,90.51,92.73,89.92,89.92,82,global,Hispanic or Latinx
214451551,M,86.07,85.57,85.62,85.62,82,global,Black
220178024,M,88.73,84.48,86.13,86.13,82,alg1,Hispanic or Latinx
223486812,M,93.82,85.33,85.91,85.91,82,alg1,
219744133,M,92.81,92.47,84.1,84.1,82,alg1,Asian or Pacific Islander
219484912,F,94.79,94.95,91.04,91.04,82,alg1,Hispanic or Latinx
243370657,M,98.01,95.05,90.03,90.03,82,alg1,Asian
216907519,M,80.68,85.42,85.67,85.67,82,alg1,Hispanic or Latinx
217064237,F,97.7,96,97.35,97.35,82,geometry,Hispanic or Latinx
219606209,F,102.3,99,95.9,95.9,82,geometry,Asian
219594132,M,101.75,97.47,94.03,94.03,82,geometry,Asian or Pacific Islander
217266865,M,93.15,90.83,93.04,93.04,82,geometry,Asian
215141466,M,94.67,87.34,74.39,74.39,82,alg2,Asian
218675478,M,95,90.18,92.41,92.41,82,alg2,Hispanic or Latinx
216993816,M,77.63,75.15,70.49,70.49,82,earth,Hispanic or Latinx
217266857,M,71.14,76.18,74.07,74.07,82,earth,White
219484912,F,89.43,91.45,86.34,86.34,82,living,Hispanic or Latinx
220942692,F,96.49,96.1,95.6,95.6,82,living,White
220363964,M,75.83,75.33,78.06,78.06,82,living,Hispanic or Latinx
206589962,F,80.15,83.4,92.22,92.22,83,physics,Hispanic or Latinx
220942692,F,95.56,88.01,88.83,88.83,83,alg1,White
226312635,M,87.77,86.07,84.61,84.61,83,alg1,Native Hawaiian or Pacific Islander
220836282,M,94.3,87.96,88.87,88.87,83,alg1,White
220942684,F,99.1,98.68,92.72,92.72,83,alg1,White
217266865,M,98.33,96.5,95.07,95.07,83,alg2,Asian
220342380,M,67.03,72.89,78.26,78.26,83,living,Hispanic or Latinx
220529432,M,79.6,79.7,79.6,79.6,84,ush,Asian
212163596,M,91.21,91.26,88.93,88.93,84,ela,Hispanic or Latinx
217108224,M,67.69,66.89,76.31,76.31,84,ela,Asian
244846549,M,66.1,69.36,69.65,69.65,84,ela,
207243940,M,77.69,74.42,73.45,73.45,84,ela,Hispanic or Latinx
244846424,F,87.31,89.11,90.33,90.33,84,ela,
246600597,M,62.59,61.15,56.85,56.85,84,ela,Asian
215457441,M,68.34,72.09,75.48,75.48,84,ela,Hispanic or Latinx
217767607,F,84.22,86.52,88.32,88.32,84,ela,Hispanic or Latinx
211196720,M,76.22,79.23,76.83,76.83,84,ela,
218733954,M,83.11,84.96,82.83,82.83,84,ela,Hispanic or Latinx
228528147,M,90.6,86.85,86.63,86.63,84,ela,Asian
215515669,M,84.63,83.16,86.08,86.08,84,global,Hispanic or Latinx
215436064,F,77.25,69.16,77.61,77.61,84,global,Hispanic or Latinx
218675478,M,88.63,88.91,91.84,91.84,84,global,Hispanic or Latinx
217767607,F,89.63,88.85,90.63,90.63,84,global,Hispanic or Latinx
218630291,M,90,86.88,89.09,89.09,84,global,White
228528147,M,92.88,88.94,88.18,88.18,84,global,Asian
215996521,M,94.28,95.07,92.16,92.16,84,global,Hispanic or Latinx
216142943,M,93.29,94.16,92.25,92.25,84,global,Hispanic or Latinx
215567348,M,80.74,82.88,81.07,81.07,84,global,Hispanic or Latinx
219709904,M,96.59,90.19,90.89,90.89,84,alg1,Hispanic or Latinx
220459002,M,88.57,83.39,80.25,80.25,84,alg1,Hispanic or Latinx
219709912,M,91.56,92.43,86.03,86.03,84,alg1,Asian
219895497,F,92.05,89.15,88.7,88.7,84,alg1,Hispanic or Latinx
212163596,M,91,89.18,87.22,87.22,84,earth,Hispanic or Latinx
219996923,M,96.83,88.82,82.26,82.27,84,earth,Hispanic or Latinx
206341604,M,94.62,79.36,76.49,76.51,84,earth,Black
228528147,M,92.91,86.3,81.08,81.08,84,earth,Asian
211421789,M,94.84,89.08,82.88,82.85,84,earth,Hispanic or Latinx
216736363,F,92.3,80.69,76.88,76.99,84,earth,Hispanic or Latinx
220459002,M,86.67,81.56,83.82,83.82,84,living,Hispanic or Latinx
219743341,F,92,90.39,89.88,89.88,84,living,
220177869,M,83.83,81.78,83.18,83.18,84,living,Hispanic or Latinx
219977907,M,90.27,90.96,90.5,90.5,84,living,
220942684,F,96.25,94.1,93.75,93.75,84,living,White
219504321,M,77.87,79.08,83.12,83.12,84,living,
214328619,M,79.92,81.26,73.07,73.07,85,ush,White
215972167,M,76.18,75.39,75.57,75.57,85,ush,Hispanic or Latinx
214534109,M,67.2,73.08,73.98,73.98,85,ush,Hispanic or Latinx
213491731,F,79.5,75.46,70.59,70.59,85,ush,Hispanic or Latinx
226312866,M,74.75,70,71.56,71.56,85,ush,Hispanic or Latinx
214381196,M,76.64,76.14,71.48,71.48,85,ush,Hispanic or Latinx
238115612,F,72.76,77.46,80.31,80.31,85,ela,
211421789,M,81.74,80.09,81.52,81.52,85,ela,Hispanic or Latinx
215884347,M,90.24,91.04,91.72,91.72,85,ela,Asian or Pacific Islander
208680835,M,95.09,94.61,91.93,91.93,85,ela,Hispanic or Latinx
209076660,M,77.68,75.05,72.63,72.63,85,ela,Hispanic or Latinx
209219161,M,86,84.14,89.67,89.67,85,global,Hispanic or Latinx
211196720,M,75.63,77.82,76.27,76.27,85,global,
208619569,M,80.38,80.42,83.26,83.26,85,global,Hispanic or Latinx
218653335,F,91.38,91.76,94.22,94.22,85,global,White
218696755,M,76.88,75.44,76.09,76.09,85,global,Asian or Pacific Islander
235293644,M,91.7,93.06,92.57,92.57,85,global,Hispanic or Latinx
219626835,F,87.09,88.02,91.34,91.34,85,global,Hispanic or Latinx
215267543,M,98.05,94.6,93.74,93.74,85,physics,Hispanic or Latinx
219709870,M,95.87,95.36,90.64,90.64,85,alg1,Hispanic or Latinx
218536621,M,101.6,99.23,93.65,93.65,85,geometry,Hispanic or Latinx
217108224,M,86.58,78.36,80.44,80.5,85,earth,Asian
217939511,M,71.17,74.65,79.44,79.44,85,living,Hispanic or Latinx
220741094,M,93.05,92.71,93.01,93.01,85,living,Asian
209076900,M,79.63,77.99,76.64,76.64,86,ush,Hispanic or Latinx
208764845,M,64.71,71.02,75.08,75.08,86,ush,White
214207425,M,79.19,77.45,81.1,81.1,86,ela,White
215259300,M,83.06,80.85,83.65,83.65,86,ela,Hispanic or Latinx
216825604,M,93.68,90.36,89.57,89.57,86,ela,Hispanic or Latinx
244846531,M,92.43,90.55,91.03,91.03,86,ela,
215515669,M,80.4,83.69,85.21,85.21,86,ela,Hispanic or Latinx
218594026,M,85.9,84.9,83.84,83.84,86,global,Asian or Pacific Islander
215767617,M,91.13,90.32,91.82,91.82,86,global,Asian
217108224,M,81.64,82.61,79.75,79.75,86,global,Asian
211421789,M,80.27,82.52,78.51,78.51,86,global,Hispanic or Latinx
238550735,M,95.48,91.85,89.51,89.51,86,alg1,Asian
220082291,M,92.36,92.03,90.28,90.28,86,alg1,Hispanic or Latinx
219976503,M,97.32,90.46,92.43,92.43,86,alg1,Black
219538261,M,86.79,88.19,75.11,75.11,86,alg1,Hispanic or Latinx
219542461,M,85.52,82.61,76.88,76.88,86,earth,Black
237401898,M,85.96,76.41,79.79,79.79,86,earth,White
217192665,M,91.25,76.74,71.94,71.94,86,earth,
215567348,M,85.58,82.63,79.08,79.15,86,earth,Hispanic or Latinx
215515669,M,92.07,90.6,87.59,87.6,86,earth,Hispanic or Latinx
237433123,M,90.06,81.22,75.91,75.98,86,earth,Hispanic or Latinx
219709912,M,81.56,82.69,83.76,83.76,86,living,Asian
220002992,M,91.23,90.2,90.34,90.34,86,living,
223486812,M,89.87,85.74,87.78,87.78,86,living,
211196720,M,83.94,83.3,86.34,86.34,86,living,
218630291,M,90.35,90.5,90.54,90.54,86,living,White
244416301,M,94.43,92.89,92.8,92.8,86,living,Asian
214664377,M,85.17,82.12,79.52,79.52,87,ush,Hispanic or Latinx
214323982,F,80.66,81.14,83.41,83.41,87,global,Black
246884522,M,94.37,95.86,94.31,94.31,87,alg1,
235461415,M,100,97.22,94.7,94.7,87,alg2,Hispanic or Latinx
220178024,M,84.37,83.28,82.54,82.54,87,living,Hispanic or Latinx
220836282,M,83.4,85.5,86.67,86.67,87,living,White
229136585,M,81.33,76.93,81.03,81.03,87,living,Hispanic or Latinx
238550735,M,88.26,88.45,90.1,90.1,87,living,Asian
215297938,M,77.02,80,80.35,80.35,88,ush,White
218262566,F,85.13,83.69,82.8,82.8,88,ush,Black
244736369,M,91.37,89.02,86.33,86.33,88,ela,Asian
217447986,M,90.08,84.76,85.87,85.87,88,ela,Hispanic or Latinx
208619569,M,78.69,75.96,77.72,77.72,88,ela,Hispanic or Latinx
215994971,M,85.39,84.16,83.29,83.29,88,ela,Asian or Pacific Islander
218658458,M,74.04,75.08,74,74,88,ela,Asian or Pacific Islander
214451551,M,84.46,81.87,78.35,78.35,88,ela,Black
221463706,F,89.33,90.6,92.03,92.03,88,ela,White
216825604,M,88.5,87.3,90.98,90.98,88,global,Hispanic or Latinx
217000009,M,85.25,70.24,68.53,68.53,88,global,Hispanic or Latinx
217002872,M,93.5,91.01,92.72,92.72,88,global,Hispanic or Latinx
235461415,M,92.5,88.77,91.42,91.42,88,global,Hispanic or Latinx
216091991,F,88.29,88.84,89.83,89.83,88,global,Hispanic or Latinx
215779943,F,84.5,87.11,90.61,90.61,88,global,Black
217266865,M,87.13,86.87,87.47,87.47,88,global,Asian
218733970,M,69.06,68.81,72.06,72.06,88,global,Hispanic or Latinx
215884347,M,85.76,87.79,90.58,90.58,88,global,Asian or Pacific Islander
220002992,M,99.15,95.65,95.18,95.18,88,alg1,
244846556,M,100.15,97.5,96.35,96.35,88,geometry,White
208619569,M,83.37,83.55,76,76,88,earth,Hispanic or Latinx
216091991,F,95.25,89.58,90.6,90.6,88,earth,Hispanic or Latinx
219926557,M,93.9,94.22,91.7,91.7,88,living,Black
219744133,M,90.92,89.85,88.34,88.34,88,living,Asian or Pacific Islander
219976503,M,83.43,84.57,82.56,82.56,88,living,Black
219978707,M,80.31,73.58,66.42,66.42,88,living,Hispanic or Latinx
215848680,M,64.86,65.28,68.26,68.26,89,ush,Asian
215316050,F,91.53,90.98,81.8,81.8,89,ush,White
214370132,M,73.99,71.55,71.8,71.8,89,ush,White
216303909,M,71.58,65.47,66.33,66.33,89,ush,Asian
209506633,F,89.9,87.59,84.55,84.55,89,ush,Hispanic or Latinx
214502296,F,90.8,91.6,88.33,88.33,89,ush,Hispanic or Latinx
215996521,M,92.54,90.24,87.88,87.88,89,ela,Hispanic or Latinx
215361429,M,94.14,92.45,93.87,93.87,89,ela,Hispanic or Latinx
207293945,F,86.85,83.28,82.37,82.37,89,ela,Hispanic or Latinx
217266865,M,95.2,91.89,89.31,89.31,89,ela,Asian
218594026,M,91.83,89.91,89.08,89.08,89,ela,Asian or Pacific Islander
215015157,M,87.13,88.64,93.45,93.45,89,global,Hispanic or Latinx
244846432,M,75.75,73.58,76.99,76.99,89,global,Black
218536621,M,91.63,89.17,91.63,91.63,89,global,Hispanic or Latinx
217323898,M,82.25,68.12,76.58,76.58,89,global,Hispanic or Latinx
234661296,M,100,100,99.08,99.08,89,alg1,Hispanic or Latinx
220430649,M,85.95,76.54,71.94,71.94,89,earth,Hispanic or Latinx
219538261,M,82.7,86.55,85.13,85.13,89,living,Hispanic or Latinx
214629081,F,89.83,89.62,87.01,87.01,90,ush,White
214817389,F,95.03,95.4,92.25,92.25,90,ush,Hispanic or Latinx
217000009,M,87.28,74.72,65.66,65.66,90,ela,Hispanic or Latinx
215567348,M,77.18,81.49,82.51,82.51,90,ela,Hispanic or Latinx
214323982,F,79.7,81.28,77.15,77.15,90,ela,Black
244846549,M,85.75,82.75,86.14,86.14,90,global,
218658458,M,81.88,73.79,80.78,80.78,90,global,Asian or Pacific Islander
220492144,M,96.7,97.45,99.02,99.02,90,physics,Asian
219761707,M,97.84,98.7,89.64,89.64,90,alg1,Asian
216046045,M,99.38,101.46,100.6,100.6,90,alg1,Hispanic or Latinx
219720067,M,92,89.1,87.56,87.56,90,geometry,Asian or Pacific Islander
216142943,M,96.4,93.83,91.45,91.45,90,earth,Hispanic or Latinx
218653335,F,89.64,91.55,90.63,90.63,90,earth,White
215994971,M,90.69,91.12,89.38,89.38,90,earth,Asian or Pacific Islander
217266865,M,94.86,93.07,91.97,91.94,90,earth,Asian
215884347,M,91.18,94.18,92.82,92.83,90,earth,Asian or Pacific Islander
246884522,M,91.45,91.72,93.48,93.48,90,living,
219726478,F,85.41,84.95,82.88,82.88,90,living,Hispanic or Latinx
221128408,M,92.63,94.48,94.34,94.34,90,living,Asian
216046045,M,99.43,101.72,102.19,102.19,90,living,Hispanic or Latinx
206589954,F,86.69,91.64,84.16,84.16,91,ush,Hispanic or Latinx
209097120,F,89.54,90.25,87.88,87.88,91,ush,Hispanic or Latinx
217323898,M,74.19,75.93,69.01,69.01,91,earth,Hispanic or Latinx
215777442,F,100,99.18,96.28,96.28,91,earth,
243703584,M,92.53,94.46,94.88,94.88,91,living,Black
226312635,M,82.39,83.73,83.32,83.32,91,living,Native Hawaiian or Pacific Islander
220736383,M,91.19,92.9,94.62,94.62,91,living,White
222342073,F,96.8,96.37,96.35,96.35,91,living,Asian
214196024,F,84.57,80.48,79.72,79.72,92,ush,Hispanic or Latinx
208946087,M,86.93,87.83,82.2,82.2,92,ush,Hispanic or Latinx
235293644,M,89.93,88.83,88.32,88.32,92,ela,Hispanic or Latinx
219926557,M,98.37,97.46,94.21,94.21,92,ela,Black
237401898,M,89.75,88.53,80.9,80.9,92,ela,White
215015157,M,93.17,92.2,89.33,89.33,92,ela,Hispanic or Latinx
216142943,M,90.93,89.12,90.15,90.15,92,ela,Hispanic or Latinx
221463706,F,90.25,89.49,90.89,90.89,92,global,White
214125726,F,95.83,94.48,94.36,94.36,92,global,Hispanic or Latinx
219688637,M,100,100.31,99.99,99.99,92,alg1,Asian
215015157,M,92.1,94.06,94.14,94.14,92,living,Hispanic or Latinx
219720067,M,89.02,92.94,93.73,93.73,92,living,Asian or Pacific Islander
207467879,M,81.27,85.28,84.52,84.52,93,ush,Asian
218560118,F,99.91,99.57,98.77,98.77,93,ela,Asian
218536621,M,92.81,93.09,94.11,94.11,93,ela,Hispanic or Latinx
219542461,M,79.77,81.54,80.12,80.12,93,ela,Black
218676237,M,81.45,84.63,81.73,81.73,93,ela,
217108653,F,95,94.34,96.47,96.47,93,global,Asian
206341604,M,91.82,93.18,88.52,88.52,93,global,Black
244846556,M,92.18,91.96,91.11,91.11,93,global,White
215886276,M,93.03,91.56,89.57,89.57,93,earth,Hispanic or Latinx
215436064,F,82.88,89.43,78.56,78.59,93,earth,Hispanic or Latinx
215767617,M,96.74,92.35,90.46,90.46,93,earth,Asian
219594132,M,101.64,99.92,96.31,96.32,93,earth,Asian or Pacific Islander
246051965,M,99.2,99.43,100.67,100.67,93,living,White
214467565,M,84.77,86.2,84.62,84.62,94,ush,Hispanic or Latinx
208699256,M,81.05,79.55,80.86,80.86,94,ush,White
214649048,F,85.58,89.71,86.53,86.53,94,ush,Hispanic or Latinx
220079206,M,91.74,92.9,90.35,90.35,94,ush,Hispanic or Latinx
218560118,F,93,93.59,96.91,96.91,94,global,Asian
215361429,M,89.54,91.42,90.19,90.19,94,global,Hispanic or Latinx
219606209,F,98.95,98.07,94.19,94.19,94,earth,Asian
219703188,M,100,97.14,91.69,91.69,94,earth,Asian
215192287,M,87.9,91.84,91.83,91.83,94,living,Hispanic or Latinx
218675478,M,96.53,96.73,96.67,96.67,94,living,Hispanic or Latinx
219761707,M,94.61,92.38,91.61,91.61,94,living,Asian
234661296,M,97,98.78,98.69,98.69,94,living,Hispanic or Latinx
214952152,F,96.47,95.89,97.3,97.3,94,living,Asian
214655417,F,83.83,77,76.17,76.17,95,ush,Hispanic or Latinx
209219161,M,75.92,77.86,81.05,81.05,95,ela,Hispanic or Latinx
218653335,F,95.83,95.78,96.3,96.3,95,ela,White
215777442,F,96.73,97.27,97.62,97.62,95,ela,
209219161,M,88.22,92.4,84.94,84.94,95,earth,Hispanic or Latinx
219895497,F,93.5,95.06,91.09,91.09,95,earth,Hispanic or Latinx
209329465,M,77.17,79.86,81.58,81.58,96,ush,Asian or Pacific Islander
215361718,F,86.41,85.88,88.58,88.58,96,ush,Hispanic or Latinx
244846556,M,93.95,92.84,94.61,94.61,96,ela,White
217064237,F,98.93,97.84,97.89,97.89,96,ela,Hispanic or Latinx
218675478,M,93.67,93.38,90.74,90.74,96,ela,Hispanic or Latinx
217064237,F,93.74,93.69,94.61,94.61,96,global,Hispanic or Latinx
212163596,M,88.25,88.35,87.96,87.96,96,global,Hispanic or Latinx
231136466,M,92.62,84.18,77.15,77.24,96,earth,Hispanic or Latinx
219688637,M,96.07,97.19,97.22,97.22,96,living,Asian
215267543,M,93.92,89.56,89.54,89.54,97,ush,Hispanic or Latinx
215386632,F,65.07,65.29,65.4,65.4,97,ush,Asian
215009242,F,85.82,86.98,86.69,86.69,97,ush,Asian or Pacific Islander
208587808,F,93.23,92.87,89.61,89.61,97,ush,Hispanic or Latinx
218861235,F,95.33,96.01,93.61,93.61,97,ush,Hispanic or Latinx
215767617,M,91.48,89.77,90.73,90.73,97,ela,Asian
246051965,M,98.82,100.07,98.66,98.66,97,alg1,White
218536621,M,99.45,97.39,95.19,95.19,97,earth,Hispanic or Latinx
244846556,M,96.07,99.41,97.03,97.03,97,earth,White
206589962,F,87.75,94.23,88.44,88.44,98,ush,Hispanic or Latinx
216594150,F,95.48,96.55,94.58,94.58,98,ush,White
207350869,M,85.84,89.51,85.75,85.75,98,ush,Hispanic or Latinx
207090457,M,74.48,75.31,72.52,72.52,98,ush,Hispanic or Latinx
214396244,F,90.03,91.3,90.4,90.4,98,ush,Hispanic or Latinx
219926557,M,94.02,91.07,91.11,91.11,98,global,Black
215777442,F,96.5,95.36,97.53,97.53,98,global,
220492144,M,89.58,91.91,92.65,92.65,99,ush,Asian
239594286,M,89.76,92.99,90.68,90.68,99,ush,Asian
217002872,M,94,92.82,88.98,88.98,99,ela,Hispanic or Latinx
217108653,F,97.44,95.99,97.6,97.6,99,ela,Asian
235461415,M,97.1,95.95,95.21,95.21,99,ela,Hispanic or Latinx
215779943,F,91.42,91.07,92.45,92.45,99,ela,Black
244416301,M,99.66,97.26,94.98,94.98,99,alg1,Asian
222342073,F,100,101.06,100.29,100.29,99,alg1,Asian
214952152,F,100,100.05,97.92,97.92,100,alg1,Asian
